ID,Name,Surname,PhoneNumber,email
1,Inna,Duma,79273019357,Shapiro@mail.ru
2,Olga,Moroz,79236521733,Kovalenko@gmail.com
3,Viktor,Duma,79780814918,Galich@yandex.ru
4,Anna,Mironenko,79311129348,Sidorenko@mail.ru
5,Olga,Kovalenko,79568555424,Duma@mail.ru
6,Alex,Duma,79839627661,Mironenko@gmail.com
7,Anna,Sidorenko,79346979887,Shapiro@mail.ru
8,Vasilisa,Duma,79057783765,Sidorenko@gmail.com
9,Viktor,Duma,79054686543,Moroz@gmail.com
10,Vasilisa,Shagal,79815680817,Duma@gmail.com
11,Viktor,Duma,79265033171,Galich@gmail.com
12,Anton,Moroz,79432129513,Duma@mail.ru
13,Anton,Duma,79615799911,Mironenko@gmail.com
14,Vasilisa,Kovalenko,79773448663,Galich@mail.ru
15,Svetlana,Duma,79493041274,Kovalenko@mail.ru
16,Anton,Mironenko,79415795861,Moroz@yandex.ru
17,Alex,Sidorenko,79710397933,Duma@gmail.com
18,Anna,Galich,79530386214,Shagal@yandex.ru
19,Viktor,Shapiro,79404319934,Galich@mail.ru
20,Anton,Kovalenko,79046635503,Mironenko@yandex.ru
21,Miron,Sidorenko,79476524674,Sidorenko@yandex.ru
22,Viktor,Duma,79664056417,Duma@mail.ru
23,Viktor,Shapiro,79428731900,Duma@gmail.com
24,Anna,Kovalenko,79831719266,Sidorenko@yandex.ru
25,Miron,Sidorenko,79820042092,Duma@yandex.ru
26,Igor,Mironenko,79621193140,Galich@mail.ru
27,Miron,Sidorenko,79748548078,Sidorenko@mail.ru
28,Anna,Galich,79090031563,Moroz@gmail.com
29,Inna,Kovalenko,79841541292,Sidorenko@mail.ru
30,Viktor,Kovalenko,79268272041,Shagal@gmail.com
31,Svetlana,Duma,79610575116,Moroz@gmail.com
32,Svetlana,Moroz,79137062897,Mironenko@gmail.com
33,Vasilisa,Shagal,79388400351,Mironenko@gmail.com
34,Olga,Duma,79124809858,Duma@gmail.com
35,Inna,Shagal,79134701288,Moroz@mail.ru
36,Anna,Mironenko,79896190152,Duma@yandex.ru
37,Vasilisa,Shagal,79427733070,Shagal@gmail.com
38,Vasilisa,Shapiro,79815804313,Duma@gmail.com
39,Miron,Mironenko,79531024509,Galich@yandex.ru
40,Igor,Sidorenko,79778147649,Moroz@gmail.com
41,Anna,Galich,79120309885,Shapiro@yandex.ru
42,Viktor,Galich,79537126468,Duma@mail.ru
43,Inna,Kovalenko,79165601375,Kovalenko@gmail.com
44,Alex,Galich,79512390279,Moroz@yandex.ru
45,Miron,Moroz,79614178928,Duma@mail.ru
46,Viktor,Duma,79095576831,Duma@gmail.com
47,Anton,Galich,79208555485,Duma@mail.ru
48,Viktor,Galich,79954828128,Moroz@mail.ru
49,Igor,Moroz,79315612782,Shagal@gmail.com
50,Miron,Duma,79023492335,Mironenko@yandex.ru
51,Anna,Sidorenko,79702663195,Mironenko@yandex.ru
52,Svetlana,Sidorenko,79920528219,Mironenko@mail.ru
53,Anna,Shagal,79062932988,Galich@gmail.com
54,Miron,Duma,79310451862,Kovalenko@mail.ru
55,Vasilisa,Sidorenko,79340424463,Duma@yandex.ru
56,Inna,Sidorenko,79352278656,Shagal@gmail.com
57,Anna,Duma,79334905842,Shapiro@gmail.com
58,Viktor,Shagal,79891428683,Duma@mail.ru
59,Anton,Moroz,79744823470,Galich@yandex.ru
60,Olga,Moroz,79447089650,Duma@gmail.com
61,Miron,Mironenko,79947756979,Mironenko@yandex.ru
62,Anton,Shagal,79258632376,Galich@yandex.ru
63,Olga,Mironenko,79183981938,Shapiro@yandex.ru
64,Miron,Kovalenko,79924927049,Kovalenko@yandex.ru
65,Anton,Sidorenko,79165580456,Sidorenko@gmail.com
66,Olga,Duma,79051117125,Shagal@gmail.com
67,Miron,Shapiro,79152867656,Galich@yandex.ru
68,Inna,Kovalenko,79793072370,Galich@yandex.ru
69,Olga,Moroz,79691827356,Kovalenko@gmail.com
70,Anna,Shapiro,79390091400,Mironenko@gmail.com
71,Anton,Galich,79184109914,Moroz@mail.ru
72,Anna,Moroz,79955097664,Kovalenko@mail.ru
73,Olga,Duma,79925383208,Duma@mail.ru
74,Igor,Sidorenko,79285948210,Duma@gmail.com
75,Viktor,Kovalenko,79483107116,Moroz@yandex.ru
76,Miron,Shagal,79497082684,Mironenko@gmail.com
77,Igor,Sidorenko,79854674169,Kovalenko@gmail.com
78,Anna,Shapiro,79948928531,Kovalenko@mail.ru
79,Alex,Moroz,79856844723,Galich@yandex.ru
80,Olga,Mironenko,79010692400,Duma@gmail.com
81,Viktor,Shagal,79771624901,Kovalenko@yandex.ru
82,Anton,Duma,79623338171,Galich@gmail.com
83,Olga,Moroz,79664510033,Duma@gmail.com
84,Vasilisa,Moroz,79987345426,Mironenko@yandex.ru
85,Olga,Mironenko,79465343319,Moroz@yandex.ru
86,Anna,Mironenko,79098320576,Kovalenko@yandex.ru
87,Viktor,Galich,79766494744,Shapiro@gmail.com
88,Anna,Duma,79957527406,Shagal@yandex.ru
89,Anton,Kovalenko,79170493830,Moroz@yandex.ru
90,Anna,Galich,79528607150,Galich@yandex.ru
91,Viktor,Galich,79407559784,Duma@gmail.com
92,Anton,Duma,79309049460,Shagal@yandex.ru
93,Vasilisa,Shagal,79865239542,Shagal@yandex.ru
94,Inna,Kovalenko,79608477605,Duma@yandex.ru
95,Viktor,Mironenko,79815268777,Shapiro@yandex.ru
96,Igor,Sidorenko,79721541687,Moroz@yandex.ru
97,Anna,Duma,79103816717,Duma@gmail.com
98,Anna,Duma,79665843784,Galich@gmail.com
99,Vasilisa,Moroz,79409391484,Shagal@yandex.ru
100,Inna,Duma,79226413703,Duma@gmail.com
